id_daerah;kode_prop;kode_kab;nama_daerah;logo;kode_ddn;kode_ddn_2;is_pusat;is_prop;id_prop;jqm_code;jqm_path;is_deleted;is_rekap;set_zona;set_waktu_zona;set_gmt_zona;kode_satker;kode_prov_djpk;kode_kab_djpk;will_migrated
573;00;xy;Kab. Nusantara;logo_garuda.png;xx.xy;xxxy;0;0;572;;;0;0;wib;0;7;;;;0
574;00;yy;Kota Nusantara;logo_garuda.png;xx.yy;xxyy;0;0;572;;;0;0;wib;0;7;;;;0
9;02;01;Kab. Bandung;logo_kab_bandung.png;32.04;3204;0;0;8;;;0;1;wib;0;7;991003;0000;01;1
10;02;02;Kab. Bekasi;logo_kab_bekasi.png;32.16;3216;0;0;8;;;0;1;wib;0;7;990963;10;02;0
11;02;03;Kab. Bogor;logo_kab_bogor.png;32.01;3201;0;0;8;;;0;1;wib;0;7;990938;10;03;0
12;02;04;Kab. Ciamis;logo_kab_ciamis.png;32.07;3207;0;0;8;;;0;1;wib;0;7;991045;10;04;0
13;02;05;Kab. Cianjur;logo_kab_cianjur.png;32.03;3203;0;0;8;;;0;1;wib;0;7;990959;10;05;0
14;02;06;Kab. Cirebon;logo_kab_cirebon.png;32.09;3209;0;0;8;;;0;1;wib;0;7;991052;10;06;0
15;02;07;Kab. Garut;logo_kab_garut.png;32.05;3205;0;0;8;;;0;1;wib;0;7;991024;10;07;0
16;02;08;Kab. Indramayu;logo_kab_indramayu.png;32.12;3212;0;0;8;;;0;1;wib;0;7;991070;10;08;0
17;02;09;Kab. Karawang;logo_kab_karawang.png;32.15;3215;0;0;8;;;0;1;wib;0;7;990970;10;09;0
18;02;10;Kab. Kuningan;logo_kab_kuningan.png;32.08;3208;0;0;8;;;0;1;wib;0;7;991066;0000;10;0
19;02;11;Kab. Majalengka;logo_kab_majalengka.png;32.10;3210;0;0;8;;;0;1;wib;0;7;991087;10;11;0
20;02;12;Kab. Purwakarta;logo_kab_purwakarta.png;32.14;3214;0;0;8;;;0;1;wib;0;7;990984;10;12;1
21;02;13;Kab. Subang;logo_kab_subang.png;32.13;3213;0;0;8;;;0;1;wib;0;7;990991;10;13;0
22;02;14;Kab. Sukabumi;logo_kab_sukabumi.png;32.02;3202;0;0;8;;;0;1;wib;0;7;990942;10;14;0
23;02;15;Kab. Sumedang;logo_kab_sumedang.png;32.11;3211;0;0;8;;;0;1;wib;0;7;991010;10;15;0
24;02;16;Kab. Tasikmalaya;logo_kab_tasikmalaya.png;32.06;3206;0;0;8;;;0;1;wib;0;7;991031;10;16;0
25;02;17;Kota Bandung;logo_kota_bandung.png;32.73;3273;0;0;8;;;0;1;wib;0;7;991091;10;17;0
26;02;18;Kota Bekasi;logo_kota_bekasi.png;32.75;3275;0;0;8;;;0;1;wib;0;7;993330;10;18;0
27;02;19;Kota Bogor;logo_kota_bogor.png;32.71;3271;0;0;8;;;0;1;wib;0;7;991109;10;19;0
28;02;20;Kota Cirebon;logo_kota_cirebon.png;32.74;3274;0;0;8;;;0;1;wib;0;7;991120;10;20;0
29;02;21;Kota Depok;logo_kota_depok.png;32.76;3276;0;0;8;;;0;1;wib;0;7;980032;10;21;0
30;02;22;Kota Sukabumi;logo_kota_sukabumi.png;32.72;3272;0;0;8;;;0;1;wib;0;7;991113;10;22;1
31;02;23;Kota Cimahi;logo_kota_cimahi.png;32.77;3277;0;0;8;;;0;1;wib;0;7;994754;10;24;0
32;02;24;Kota Tasikmalaya;logo_kota_tasikmalaya.png;32.78;3278;0;0;8;;;0;1;wib;0;7;994740;10;23;0
33;02;25;Kota Banjar;logo_kota_banjar.png;32.79;3279;0;0;8;;;0;1;wib;0;7;998126;10;25;0
34;02;26;Kab. Bandung Barat;logo_kab_bandung_barat.png;32.17;3217;0;0;8;;;0;1;wib;0;7;963302;10;26;0
552;02;27;Kab. Pangandaran;logo_kab_pangandaran.png;32.18;3218;0;0;8;;;0;1;wib;0;7;999002;10;27;1
36;03;01;Kab. Banjarnegara;logo_kab_banjarnegara.png;33.04;3304;0;0;35;;;0;1;wib;0;7;991329;11;01;0
37;03;02;Kab. Banyumas;logo_kab_banyumas.png;33.02;3302;0;0;35;;;0;1;wib;0;7;991290;11;02;1
38;03;03;Kab. Batang;logo_kab_batang.png;33.25;3325;0;0;35;;;0;1;wib;0;7;991202;11;03;0
39;03;04;Kab. Blora;logo_kab_blora.png;33.16;3316;0;0;35;;;0;1;wib;0;7;991286;11;04;0
40;03;05;Kab. Boyolali;logo_kab_boyolali.png;33.09;3309;0;0;35;;;0;1;wib;0;7;991396;0000;05;0
41;03;06;Kab. Brebes;logo_kab_brebes.png;33.29;3329;0;0;35;;;0;1;wib;0;7;991223;11;06;0
42;03;07;Kab. Cilacap;logo_kab_cilacap.png;33.01;3301;0;0;35;;;0;1;wib;0;7;991308;11;07;1
43;03;08;Kab. Demak;logo_kab_demak.png;33.21;3321;0;0;35;;;0;1;wib;0;7;991176;11;08;0
44;03;09;Kab. Grobogan;logo_kab_grobogan.png;33.15;3315;0;0;35;;;0;1;wib;0;7;991180;11;09;0
45;03;10;Kab. Jepara;logo_kab_jepara.png;33.20;3320;0;0;35;;;0;1;wib;0;7;991265;11;10;0
46;03;11;Kab. Karanganyar;logo_kab_karanganyar.png;33.13;3313;0;0;35;;;0;1;wib;0;7;991422;11;11;0
47;03;12;Kab. Kebumen;logo_kab_kebumen.png;33.05;3305;0;0;35;;;0;1;wib;0;7;991375;11;12;0
48;03;13;Kab. Kendal;logo_kab_kendal.png;33.24;3324;0;0;35;;;0;1;wib;0;7;991162;11;13;0
49;03;14;Kab. Klaten;logo_kab_klaten.png;33.10;3310;0;0;35;;;0;1;wib;0;7;991382;11;14;1
50;03;15;Kab. Kudus;logo_kab_kudus.png;33.19;3319;0;0;35;;;0;1;wib;0;7;991244;11;15;0
51;03;16;Kab. Magelang;logo_kab_magelang.png;33.08;3308;0;0;35;;;0;1;wib;0;7;991333;11;16;0
52;03;17;Kab. Pati;logo_kab_pati.png;33.18;3318;0;0;35;;;0;1;wib;0;7;991230;11;17;0
53;03;18;Kab. Pekalongan;logo_kab_pekalongan.png;33.26;3326;0;0;35;;;0;1;wib;0;7;991197;11;18;0
54;03;19;Kab. Pemalang;logo_kab_pemalang.png;33.27;3327;0;0;35;;;0;1;wib;0;7;991251;11;19;0
55;03;20;Kab. Purbalingga;logo_kab_purbalingga.png;33.03;3303;0;0;35;;;0;1;wib;0;7;991312;11;20;0
56;03;21;Kab. Purworejo;logo_kab_purworejo.png;33.06;3306;0;0;35;;;0;1;wib;0;7;991361;11;21;0
57;03;22;Kab. Rembang;logo_kab_rembang.png;33.17;3317;0;0;35;;;0;1;wib;0;7;991272;11;22;0
58;03;23;Kab. Semarang;logo_kab_semarang.png;33.22;3322;0;0;35;;;0;1;wib;0;7;991155;11;23;0
59;03;24;Kab. Sragen;logo_kab_sragen.png;33.14;3314;0;0;35;;;0;1;wib;0;7;991401;11;24;0
60;03;25;Kab. Sukoharjo;logo_kab_sukoharjo.png;33.11;3311;0;0;35;;;0;1;wib;0;7;991418;11;25;0
61;03;26;Kab. Tegal;logo_kab_tegal.png;33.28;3328;0;0;35;;;0;1;wib;0;7;991219;11;26;0
62;03;27;Kab. Temanggung;logo_kab_temanggung.png;33.23;3323;0;0;35;;;0;1;wib;0;7;991340;11;27;0
63;03;28;Kab. Wonogiri;logo_kab_wonogiri.png;33.12;3312;0;0;35;;;0;1;wib;0;7;991439;11;28;0
64;03;29;Kab. Wonosobo;logo_kab_wonosobo.png;33.07;3307;0;0;35;;;0;1;wib;0;7;991354;11;29;0
65;03;30;Kota Magelang;logo_kota_magelang.png;33.71;3371;0;0;35;;;0;1;wib;0;7;991485;11;30;0
66;03;31;Kota Pekalongan;logo_kota_pekalongan.png;33.75;3375;0;0;35;;;0;1;wib;0;7;991464;11;31;0
67;03;32;Kota Salatiga;logo_kota_salatiga.png;33.73;3373;0;0;35;;;0;1;wib;0;7;991450;11;32;0
68;03;33;Kota Semarang;logo_kota_semarang.png;33.74;3374;0;0;35;;;0;1;wib;0;7;991443;11;33;0
69;03;34;Kota Surakarta;logo_kota_surakarta.png;33.72;3372;0;0;35;;;0;1;wib;0;7;991492;11;34;0
70;03;35;Kota Tegal;logo_kota_tegal.png;33.76;3376;0;0;35;;;0;1;wib;0;7;991471;11;35;0
72;04;01;Kab. Bantul;logo_kab_bantul.png;34.02;3402;0;0;71;;;0;1;wib;0;7;991511;12;01;1
73;04;02;Kab. Gunungkidul;logo_kab_gunungkidul.png;34.03;3403;0;0;71;;;0;1;wib;0;7;991532;12;02;1
74;04;03;Kab. Kulon Progo;logo_kab_kulon_progo.png;34.01;3401;0;0;71;;;0;1;wib;0;7;991549;12;03;0
75;04;04;Kab. Sleman;logo_kab_sleman.png;34.04;3404;0;0;71;;;0;1;wib;0;7;991528;12;04;1
76;04;05;Kota Yogyakarta;logo_kota_yogyakarta.png;34.71;3471;0;0;71;;;0;1;wib;0;7;991553;12;05;1
78;05;01;Kab. Bangkalan;logo_kab_bangkalan.png;35.26;3526;0;0;77;;;0;1;wib;0;7;991642;13;01;0
79;05;02;Kab. Banyuwangi;logo_kab_banyuwangi.png;35.10;3510;0;0;77;;;0;1;wib;0;7;991670;13;02;0
80;05;03;Kab. Blitar;logo_kab_blitar.png;35.05;3505;0;0;77;;;0;1;wib;0;7;991773;13;03;0
81;05;04;Kab. Bojonegoro;logo_kab_bojonegoro.png;35.22;3522;0;0;77;;;0;1;wib;0;7;991837;13;04;0
82;05;05;Kab. Bondowoso;logo_kab_bondowoso.png;35.11;3511;0;0;77;;;0;1;wib;0;7;991659;13;05;0
83;05;06;Kab. Gresik;logo_kab_gresik.png;35.25;3525;0;0;77;;;0;1;wib;0;7;991574;13;06;0
84;05;07;Kab. Jember;logo_kab_jember.png;35.09;3509;0;0;77;;;0;1;wib;0;7;991684;13;07;0
85;05;08;Kab. Jombang;logo_kab_jombang.png;35.17;3517;0;0;77;;;0;1;wib;0;7;991600;13;08;0
86;05;09;Kab. Kediri;logo_kab_kediri.png;35.06;3506;0;0;77;;;0;1;wib;0;7;991731;13;09;0
87;05;10;Kab. Lamongan;logo_kab_lamongan.png;35.24;3524;0;0;77;;;0;1;wib;0;7;991858;13;10;0
88;05;11;Kab. Lumajang;logo_kab_lumajang.png;35.08;3508;0;0;77;;;0;1;wib;0;7;991727;13;11;0
89;05;12;Kab. Madiun;logo_kab_madiun.png;35.19;3519;0;0;77;;;0;1;wib;0;7;991780;13;12;0
90;05;13;Kab. Magetan;logo_kab_magetan.png;35.20;3520;0;0;77;;;0;1;wib;0;7;991802;13;13;0
91;05;14;Kab. Malang;logo_kab_malang.png;35.07;3507;0;0;77;;;0;1;wib;0;7;991691;13;14;0
92;05;15;Kab. Mojokerto;logo_kab_mojokerto.png;35.16;3516;0;0;77;;;0;1;wib;0;7;991581;13;15;0
93;05;16;Kab. Nganjuk;logo_kab_nganjuk.png;35.18;3518;0;0;77;;;0;1;wib;0;7;991752;13;16;0
94;05;17;Kab. Ngawi;logo_kab_ngawi.png;35.21;3521;0;0;77;;;0;1;wib;0;7;991794;13;17;0
95;05;18;Kab. Pacitan;logo_kab_pacitan.png;35.01;3501;0;0;77;;;0;1;wib;0;7;991820;13;18;0
96;05;19;Kab. Pamekasan;logo_kab_pemekasan.png;35.28;3528;0;0;77;;;0;1;wib;0;7;991621;13;19;0
97;05;20;Kab. Pasuruan;logo_kab_pasuruan.png;35.14;3514;0;0;77;;;0;1;wib;0;7;991706;13;20;0
98;05;21;Kab. Ponorogo;logo_kab_ponorogo.png;35.02;3502;0;0;77;;;0;1;wib;0;7;991816;13;21;0
99;05;22;Kab. Probolinggo;logo_kab_probolinggo.png;35.13;3513;0;0;77;;;0;1;wib;0;7;991710;13;22;0
100;05;23;Kab. Sampang;logo_kab_sampang.png;35.27;3527;0;0;77;;;0;1;wib;0;7;991617;13;23;0
101;05;24;Kab. Sidoarjo;logo_kab_sidoarjo.png;35.15;3515;0;0;77;;;0;1;wib;0;7;991595;13;24;0
102;05;25;Kab. Situbondo;logo_kab_situbondo.png;35.12;3512;0;0;77;;;0;1;wib;0;7;991663;13;25;0
103;05;26;Kab. Sumenep;logo_kab_sumenep.png;35.29;3529;0;0;77;;;0;1;wib;0;7;991638;13;26;0
104;05;27;Kab. Trenggalek;logo_kab_trenggalek.png;35.03;3503;0;0;77;;;0;1;wib;0;7;991769;13;27;0
105;05;28;Kab. Tuban;logo_kab_tuban.png;35.23;3523;0;0;77;;;0;1;wib;0;7;991841;13;28;0
106;05;29;Kab. Tulungagung;logo_kab_tulungagung.png;35.04;3504;0;0;77;;;0;1;wib;0;7;991748;13;29;0
107;05;30;Kota Blitar;logo_kota_blitar.png;35.72;3572;0;0;77;;;0;1;wib;0;7;991912;13;30;0
108;05;31;Kota Kediri;logo_kota_kediri.png;35.71;3571;0;0;77;;;0;1;wib;0;7;991926;13;31;0
109;05;32;Kota Madiun;logo_kota_madiun.png;35.77;3577;0;0;77;;;0;1;wib;0;7;991930;13;32;0
110;05;33;Kota Malang;logo_kota_malang.png;35.73;3573;0;0;77;;;0;1;wib;0;7;991883;13;33;0
111;05;34;Kota Mojokerto;logo_kota_mojokerto.png;35.76;3576;0;0;77;;;0;1;wib;0;7;991879;13;34;0
112;05;35;Kota Pasuruan;logo_kota_pasuruan.png;35.75;3575;0;0;77;;;0;1;wib;0;7;991890;13;35;0
113;05;36;Kota Probolinggo;logo_kota_probolinggo.png;35.74;3574;0;0;77;;;0;1;wib;0;7;991905;13;36;0
114;05;37;Kota Surabaya;logo_kota_surabaya.png;35.78;3578;0;0;77;;;0;1;wib;0;7;991862;13;37;0
115;05;38;Kota Batu;logo_kota_batu.png;35.79;3579;0;0;77;;;0;1;wib;0;7;994761;13;38;0
116;06;00;Aceh;logo_aceh.png;11;11;0;1;116;;;0;1;wib;0;7;990015;01;0000;0
117;06;01;Kab. Aceh Barat;logo_kab_aceh_barat.png;11.05;1105;0;0;116;;;0;1;wib;0;7;990078;01;01;0
118;06;02;Kab. Aceh Besar;logo_kab_aceh_besar.png;11.06;1106;0;0;116;;;0;1;wib;0;7;990022;01;02;0
119;06;03;Kab. Aceh Selatan;logo_kab_aceh_selatan.png;11.01;1101;0;0;116;;;0;1;wib;0;7;990061;01;03;0
120;06;04;Kab. Aceh Singkil;logo_kab_aceh_singkil.png;11.10;1110;0;0;116;;;0;1;wib;0;7;980007;01;04;0
121;06;05;Kab. Aceh Tengah;logo_kab_aceh_tengah.png;11.04;1104;0;0;116;;;0;1;wib;0;7;990082;01;05;0
122;06;06;Kab. Aceh Tenggara;logo_kab_aceh_tenggara.png;11.02;1102;0;0;116;;;0;1;wib;0;7;990099;01;06;0
123;06;07;Kab. Aceh Timur;logo_kab_aceh_timur.png;11.03;1103;0;0;116;;;0;1;wib;0;7;990057;01;07;0
124;06;08;Kab. Aceh Utara;logo_kab_aceh_utara.png;11.08;1108;0;0;116;;;0;1;wib;0;7;990040;01;08;0
125;06;09;Kab. Bireuen;logo_kab_bireuen.png;11.11;1111;0;0;116;;;0;1;wib;0;7;980053;01;09;0
126;06;10;Kab. Pidie;logo_kab_pidie.png;11.07;1107;0;0;116;;;0;1;wib;0;7;990036;01;10;0
127;06;11;Kab. Simeulue;logo_kab_simeulue.png;11.09;1109;0;0;116;;;0;1;wib;0;7;993372;01;11;0
128;06;12;Kota Banda Aceh;logo_kota_banda_aceh.png;11.71;1171;0;0;116;;;0;1;wib;0;7;990104;01;12;0
129;06;13;Kota Sabang;logo_kota_sabang.png;11.72;1172;0;0;116;;;0;1;wib;0;7;990111;01;13;0
130;06;14;Kota Langsa;logo_kota_langsa.png;11.74;1174;0;0;116;;;0;1;wib;0;7;994672;01;14;0
131;06;15;Kota Lhokseumawe;logo_kota_lhokseumawe.png;11.73;1173;0;0;116;;;0;1;wib;0;7;994686;01;15;0
132;06;16;Kab. Nagan Raya;logo_kab_nagan_raya.png;11.15;1115;0;0;116;;;0;1;wib;0;7;997451;01;19;0
133;06;17;Kab. Aceh Jaya;logo_kab_aceh_jaya.png;11.14;1114;0;0;116;;;0;1;wib;0;7;997447;01;18;0
134;06;18;Kab. Aceh Barat Daya;logo_kab_aceh_barat_daya.png;11.12;1112;0;0;116;;;0;1;wib;0;7;997426;01;17;0
135;06;19;Kab. Gayo Lues;logo_kab_gayo_lues.png;11.13;1113;0;0;116;;;0;1;wib;0;7;997430;01;16;0
136;06;20;Kab. Aceh Tamiang;logo_kab_aceh_tamiang.png;11.16;1116;0;0;116;;;0;1;wib;0;7;997468;01;20;0
137;06;21;Kab. Bener Meriah;logo_kab_bener_meriah.png;11.17;1117;0;0;116;;;0;1;wib;0;7;987532;01;21;0
138;06;22;Kota Subulussalam;logo_kota_subulussalam.png;11.75;1175;0;0;116;;;0;1;wib;0;7;963327;01;23;0
139;06;23;Kab. Pidie Jaya;logo_kab_pidie_jaya.png;11.18;1118;0;0;116;;;0;1;wib;0;7;963311;01;22;0
142;07;01;Kab. Asahan;logo_kab_asahan.png;12.09;1209;0;0;141;;;0;1;wib;0;7;990221;02;01;0
143;07;02;Kab. Dairi;logo_kab_dairi.png;12.11;1211;0;0;141;;;0;1;wib;0;7;990192;02;02;0
144;07;03;Kab. Deli Serdang;logo_kab_deli_serdang.png;12.07;1207;0;0;141;;;0;1;wib;0;7;990132;02;03;0
145;07;04;Kab. Karo;logo_kab_karo.png;12.06;1206;0;0;141;;;0;1;wib;0;7;990146;02;04;0
146;07;05;Kab. Labuhanbatu;logo_kab_labuhanbatu.png;12.10;1210;0;0;141;;;0;1;wib;0;7;990188;02;05;0
147;07;06;Kab. Langkat;logo_kab_langkat.png;12.05;1205;0;0;141;;;0;1;wib;0;7;990150;02;06;0
148;07;07;Kab. Mandailing Natal;logo_kab_mandailing_natal.png;12.13;1213;0;0;141;;;0;1;wib;0;7;941915;02;07;0
149;07;08;Kab. Nias;logo_kab_nias.png;12.04;1204;0;0;141;;;0;1;wib;0;7;990235;02;08;0
150;07;09;Kab. Simalungun;logo_kab_simalungun.png;12.08;1208;0;0;141;;;0;1;wib;0;7;990171;02;09;0
151;07;10;Kab. Tapanuli Selatan;logo_kab_tapanuli_selatan.png;12.03;1203;0;0;141;;;0;1;wib;0;7;990214;02;10;0
152;07;11;Kab. Tapanuli Tengah;logo_kab_tapanuli_tengah.png;12.01;1201;0;0;141;;;0;1;wib;0;7;990167;02;11;0
153;07;12;Kab. Tapanuli Utara;logo_kab_tapanuli_utara.png;12.02;1202;0;0;141;;;0;1;wib;0;7;990200;02;12;0
154;07;13;Kab. Toba;logo_kab_toba_samosir.png;12.12;1212;0;0;141;;;0;1;wib;0;7;941922;02;13;0
155;07;14;Kota Binjai;logo_kota_binjai.png;12.75;1275;0;0;141;;;0;1;wib;0;7;990260;02;14;0
156;07;15;Kota Medan;logo_kota_medan.png;12.71;1271;0;0;141;;;0;1;wib;0;7;990242;02;15;0
157;07;16;Kota Pematangsiantar;logo_kota_pematangsiantar.png;12.72;1272;0;0;141;;;0;1;wib;0;7;990277;02;16;0
158;07;17;Kota Sibolga;logo_kota_sibolga.png;12.73;1273;0;0;141;;;0;1;wib;0;7;990298;02;17;0
159;07;18;Kota Tanjung Balai;logo_kota_tanjungbalai.png;12.74;1274;0;0;141;;;0;1;wib;0;7;990281;02;18;0
160;07;19;Kota Tebing Tinggi;logo_kota_tebing_tinggi.png;12.76;1276;0;0;141;;;0;1;wib;0;7;990256;02;19;0
161;07;20;Kota Padangsidempuan;logo_kota_padangsidempuan.png;12.77;1277;0;0;141;;;0;1;wib;0;7;994690;02;20;0
162;07;21;Kab. Pakpak Bharat;logo_kab_pakpak_bharat.png;12.15;1215;0;0;141;;;0;1;wib;0;7;998147;02;21;0
163;07;22;Kab. Nias Selatan;logo_kab_nias_selatan.png;12.14;1214;0;0;141;;;0;1;wib;0;7;998130;02;22;0
164;07;23;Kab. Humbang Hasundutan;logo_kab_humbang_hasundutan.png;12.16;1216;0;0;141;;;0;1;wib;0;7;998151;02;23;0
165;07;24;Kab. Serdang Bedagai;logo_kab_serdang_bedagai.png;12.18;1218;0;0;141;;;0;1;wib;0;7;987418;02;24;0
166;07;25;Kab. Samosir;logo_kab_samosir.png;12.17;1217;0;0;141;;;0;1;wib;0;7;987528;02;25;0
167;07;26;Kab. Batu Bara;logo_kab_batubara.png;12.19;1219;0;0;141;;;0;1;wib;0;7;963333;02;26;0
173;07;32;Kab. Padang Lawas;logo_kab_padang_lawas.png;12.21;1221;0;0;141;;;0;1;wib;0;7;975013;02;27;0
174;07;33;Kab. Padang Lawas Utara;logo_kab_padang_lawas_utara.png;12.20;1220;0;0;141;;;0;1;wib;0;7;975163;02;28;0
175;07;34;Kab. Labuhanbatu Utara;logo_kab_labuhanbatu_utara.png;12.23;1223;0;0;141;;;0;1;wib;0;7;977117;02;30;0
176;07;35;Kab. Labuhanbatu Selatan;logo_kab_labuhanbatu_selatan.png;12.22;1222;0;0;141;;;0;1;wib;0;7;977267;02;29;0
177;07;36;Kab. Nias Utara;logo_kab_nias_utara.png;12.24;1224;0;0;141;;;0;1;wib;0;7;978536;02;31;0
178;07;37;Kab. Nias Barat;logo_kab_nias_barat.png;12.25;1225;0;0;141;;;0;1;wib;0;7;978397;02;32;0
179;07;38;Kota Gunungsitoli;logo_kota_Gunungsitoli.png;12.78;1278;0;0;141;;;0;1;wib;0;7;978401;02;33;0
181;08;01;Kab. Lima Puluh Kota;logo_kab_lima_puluh_kota.png;13.07;1307;0;0;180;;;0;1;wib;0;7;990331;03;01;0
182;08;02;Kab. Agam;logo_kab_agam.png;13.06;1306;0;0;180;;;0;1;wib;0;7;990310;03;02;0
183;08;03;Kab. Kepulauan Mentawai;logo_kab_kepulauan_mentawai.png;13.09;1309;0;0;180;;;0;1;wib;0;7;980060;03;03;0
184;08;04;Kab. Padang Pariaman;logo_kab_padang_pariaman.png;13.05;1305;0;0;180;;;0;1;wib;0;7;990352;03;04;0
185;08;05;Kab. Pasaman;logo_kab_pasaman.png;13.08;1308;0;0;180;;;0;1;wib;0;7;990324;03;05;0
186;08;06;Kab. Pesisir Selatan;logo_kab_pesisir_selatan.png;13.01;1301;0;0;180;;;0;1;wib;0;7;990366;03;06;0
187;08;07;Kab. Sijunjung;logo_kab_sijunjung.png;13.03;1303;0;0;180;;;0;1;wib;0;7;990387;03;07;0
188;08;08;Kab. Solok;logo_kab_solok.png;13.02;1302;0;0;180;;;0;1;wib;0;7;990345;03;08;0
189;08;09;Kab. Tanah Datar;logo_kab_tanah_datar.png;13.04;1304;0;0;180;;;0;1;wib;0;7;990370;03;09;0
190;08;10;Kota Bukittinggi;logo_kota_bukit_tinggi.png;13.75;1375;0;0;180;;;0;1;wib;0;7;990391;03;10;0
191;08;11;Kota Padang Panjang;logo_kota_padang_panjang.png;13.74;1374;0;0;180;;;0;1;wib;0;7;990409;03;11;0
192;08;12;Kota Padang;logo_kota_padang.png;13.71;1371;0;0;180;;;0;1;wib;0;7;990434;03;12;0
193;08;13;Kota Payakumbuh;logo_kota_payakumbuh.png;13.76;1376;0;0;180;;;0;1;wib;0;7;990441;03;13;0
194;08;14;Kota Sawahlunto;logo_kota_sawahlunto.png;13.73;1373;0;0;180;;;0;1;wib;0;7;990420;03;14;0
195;08;15;Kota Solok;logo_kota_solok.png;13.72;1372;0;0;180;;;0;1;wib;0;7;990413;03;15;0
196;08;16;Kota Pariaman;logo_kota_pariaman.png;13.77;1377;0;0;180;;;0;1;wib;0;7;997611;03;16;0
197;08;17;Kab. Pasaman Barat;logo_kab_pasaman_barat.png;13.12;1312;0;0;180;;;0;1;wib;0;7;987595;03;17;0
198;08;18;Kab. Dharmasraya;logo_kab_dharmasraya.png;13.10;1310;0;0;180;;;0;1;wib;0;7;987574;03;18;0
199;08;19;Kab. Solok Selatan;logo_kab_solok_selatan.png;13.11;1311;0;0;180;;;0;1;wib;0;7;987581;03;19;0
203;09;01;Kab. Bengkalis;logo_kab_bengkalis.png;14.03;1403;0;0;202;;;0;1;wib;0;7;990476;04;01;0
204;09;02;Kab. Indragiri Hilir;logo_kab_indragiri_hilir.png;14.04;1404;0;0;202;;;0;1;wib;0;7;990502;04;02;0
205;09;03;Kab. Indragiri Hulu;logo_kab_indragiri_hulu.png;14.02;1402;0;0;202;;;0;1;wib;0;7;990497;04;03;1
206;09;04;Kab. Kampar;logo_kab_kampar.png;14.01;1401;0;0;202;;;0;1;wib;0;7;990462;04;04;0
207;09;05;Kab. Kuantan Singingi;logo_kab_kuantan_singingi.png;14.09;1409;0;0;202;;;0;1;wib;0;7;980138;04;05;0
208;09;06;Kab. Pelalawan;logo_kab_pelalawan.png;14.05;1405;0;0;202;;;0;1;wib;0;7;980074;04;06;0
209;09;07;Kab. Rokan Hilir;logo_kab_rokan_hilir.png;14.07;1407;0;0;202;;;0;1;wib;0;7;980095;04;07;0
210;09;08;Kab. Rokan Hulu;logo_kab_rokan_hulu.png;14.06;1406;0;0;202;;;0;1;wib;0;7;980081;04;08;0
211;09;09;Kab. Siak;logo_kab_siak.png;14.08;1408;0;0;202;;;0;1;wib;0;7;980100;04;09;0
212;09;10;Kota Dumai;logo_kota_dumai.png;14.72;1472;0;0;202;;;0;1;wib;0;7;980142;04;10;1
213;09;11;Kota Pekanbaru;logo_kota_pekanbaru.png;14.71;1471;0;0;202;;;0;1;wib;0;7;990519;04;11;0
215;09;13;Kab. Kepulauan Meranti;logo_kab_kepulauan_meranti.png;14.10;1410;0;0;202;;;0;1;wib;0;7;978417;04;12;1
217;10;01;Kab. Batanghari;logo_kab_batang_hari.png;15.04;1504;0;0;216;;;0;1;wib;0;7;990544;05;01;0
218;10;02;Kab. Bungo;logo_kab_bungo.png;15.08;1508;0;0;216;;;0;1;wib;0;7;990565;05;02;0
219;10;03;Kab. Kerinci;logo_kab_kerinci.png;15.01;1501;0;0;216;;;0;1;wib;0;7;990586;05;03;0
220;10;04;Kab. Merangin;logo_kab_merangin.png;15.02;1502;0;0;216;;;0;1;wib;0;7;990572;05;04;0
221;10;05;Kab. Muaro Jambi;logo_kab_muaro_jambi.png;15.05;1505;0;0;216;;;0;1;wib;0;7;980184;05;05;0
222;10;06;Kab. Sarolangun;logo_kab_sarolangun.png;15.03;1503;0;0;216;;;0;1;wib;0;7;980163;05;06;1
223;10;07;Kab. Tanjung Jabung Barat;logo_kab_tanjung_jabung_barat.png;15.06;1506;0;0;216;;;0;1;wib;0;7;990551;05;07;0
224;10;08;Kab. Tanjung Jabung Timur;logo_kab_tanjung_jabung_timur.png;15.07;1507;0;0;216;;;0;1;wib;0;7;980522;05;08;0
225;10;09;Kab. Tebo;logo_kab_tebo.png;15.09;1509;0;0;216;;;0;1;wib;0;7;980170;05;09;0
226;10;10;Kota Jambi;logo_kota_jambi.png;15.71;1571;0;0;216;;;0;1;wib;0;7;990590;05;10;0
228;10;12;Kota Sungai Penuh;logo_kota_sungai_penuh.png;15.72;1572;0;0;216;;;0;1;wib;0;7;977562;05;11;0
230;11;01;Kab. Lahat;logo_kab_lahat.png;16.04;1604;0;0;229;;;0;1;wib;0;7;990661;06;01;0
231;11;02;Kab. Musi Banyuasin;logo_kab_musi_banyuasin.png;16.06;1606;0;0;229;;;0;1;wib;0;7;990633;06;02;1
232;11;03;Kab. Musi Rawas;logo_kab_musi_rawas.png;16.05;1605;0;0;229;;;0;1;wib;0;7;990675;06;03;0
233;11;04;Kab. Muara Enim;logo_kab_muara_enim.png;16.03;1603;0;0;229;;;0;1;wib;0;7;990654;06;04;0
234;11;05;Kab. Ogan Komering Ilir;logo_kab_ogan_komering_ilir.png;16.02;1602;0;0;229;;;0;1;wib;0;7;990682;06;05;0
235;11;06;Kab. Ogan Komering Ulu;logo_kab_ogan_komering_ulu.png;16.01;1601;0;0;229;;;0;1;wib;0;7;990640;06;06;0
236;11;07;Kota Palembang;logo_kota_palembang.png;16.71;1671;0;0;229;;;0;1;wib;0;7;990696;06;07;0
237;11;08;Kota Pagar Alam;logo_kota_pagar_alam.png;16.72;1672;0;0;229;;;0;1;wib;0;7;994729;06;09;0
238;11;09;Kota Lubuk Linggau;logo_kota_lubuklinggau.png;16.73;1673;0;0;229;;;0;1;wib;0;7;994733;06;10;0
239;11;10;Kota Prabumulih;logo_kota_prabumulih.png;16.74;1674;0;0;229;;;0;1;wib;0;7;994712;06;08;0
240;11;11;Kab. Banyuasin;logo_kab_banyuasin.png;16.07;1607;0;0;229;;;0;1;wib;0;7;997557;06;11;0
241;11;12;Kab. Ogan Ilir;logo_kab_ogan_ilir.png;16.10;1610;0;0;229;;;0;1;wib;0;7;987560;06;12;0
242;11;13;Kab. Ogan Komering Ulu Timur;logo_kab_ogan_komering_ulu_timur.png;16.08;1608;0;0;229;;;0;1;wib;0;7;987549;06;13;1
243;11;14;Kab. Ogan Komering Ulu Selatan;logo_kab_ogan_komering_ulu_selatan.png;16.09;1609;0;0;229;;;0;1;wib;0;7;987553;06;14;0
244;11;15;Kab. Empat Lawang;logo_kab_empat_lawang.png;16.11;1611;0;0;229;;;0;1;wib;0;7;963342;06;15;0
569;11;17;Kab. Musi Rawas Utara;logo_kab_musi_rawas_utara.png;16.13;1613;0;0;229;;;0;1;wib;0;7;999015;06;17;0
570;11;18;Kab. Penukal Abab Lematang Ilir;logo_kab_penukal_abab_lematang_ilir.png;16.12;1612;0;0;229;;;0;1;wib;0;7;999011;06;16;0
247;12;01;Kab. Lampung Barat;logo_kab_lampung_barat.png;18.04;1804;0;0;246;;;0;1;wib;0;7;990807;08;01;1
248;12;02;Kab. Lampung Selatan;logo_kab_lampung_selatan.png;18.01;1801;0;0;246;;;0;1;wib;0;7;990771;08;02;0
249;12;03;Kab. Lampung Tengah;logo_kab_lampung_tengah.png;18.02;1802;0;0;246;;;0;1;wib;0;7;990785;08;03;1
250;12;04;Kab. Lampung Utara;logo_kab_lampung_utara.png;18.03;1803;0;0;246;;;0;1;wib;0;7;990792;08;04;1
251;12;05;Kab. Lampung Timur;logo_kab_lampung_timur.png;18.07;1807;0;0;246;;;0;1;wib;0;7;980191;08;05;1
252;12;06;Kab. Tanggamus;logo_kab_tanggamus.png;18.06;1806;0;0;246;;;0;1;wib;0;7;993351;08;06;1
253;12;07;Kab. Tulang Bawang;logo_kab_tulang_bawang.png;18.05;1805;0;0;246;;;0;1;wib;0;7;993347;08;07;0
254;12;08;Kab. Way Kanan;logo_kab_way_kanan.png;18.08;1808;0;0;246;;;0;1;wib;0;7;980206;08;08;1
255;12;09;Kota Bandar Lampung;logo_kota_bandar_lampung.png;18.71;1871;0;0;246;;;0;1;wib;0;7;990811;08;09;1
256;12;10;Kota Metro;logo_kota_metro.png;18.72;1872;0;0;246;;;0;1;wib;0;7;980210;08;10;1
257;12;11;Kab. Pesawaran;logo_kab_pesawaran.png;18.09;1809;0;0;246;;;0;1;wib;0;7;975311;08;11;1
258;12;12;Kab. Pringsewu;logo_kab_pringsewu.png;18.10;1810;0;0;246;;;0;1;wib;0;7;978423;08;12;1
259;12;13;Kab. Mesuji;logo_kab_mesuji.png;18.11;1811;0;0;246;;;0;1;wib;0;7;978432;08;13;1
260;12;14;Kab. Tulang Bawang Barat;logo_kab_tulang_bawang_barat.png;18.12;1812;0;0;246;;;0;1;wib;0;7;978448;08;14;1
555;12;15;Kab. Pesisir Barat;logo_kab_pesisir_barat.png;18.13;1813;0;0;246;;;0;1;wib;0;7;999003;08;15;1
262;13;01;Kab. Bengkayang;logo_kab_bengkayang.png;61.07;6107;0;0;261;;;0;1;wib;0;7;980227;14;01;0
263;13;02;Kab. Landak;logo_kab_landak.png;61.08;6108;0;0;261;;;0;1;wib;0;7;980231;14;02;0
264;13;03;Kab. Kapuas Hulu;logo_kab_kapuas_hulu.png;61.06;6106;0;0;261;;;0;1;wib;0;7;991993;14;03;0
265;13;04;Kab. Ketapang;logo_kab_ketapang.png;61.04;6104;0;0;261;;;0;1;wib;0;7;992008;14;04;0
267;13;06;Kab. Sambas;logo_kab_sambas.png;61.01;6101;0;0;261;;;0;1;wib;0;7;991951;14;06;0
268;13;07;Kab. Sanggau;logo_kab_sanggau.png;61.03;6103;0;0;261;;;0;1;wib;0;7;991968;14;07;0
269;13;08;Kab. Sintang;logo_kab_sintang.png;61.05;6105;0;0;261;;;0;1;wib;0;7;991972;14;08;0
270;13;09;Kota Pontianak;logo_kota_pontianak.png;61.71;6171;0;0;261;;;0;1;wib;0;7;992012;14;09;0
271;13;10;Kota Singkawang;logo_kota_singkawang.png;61.72;6172;0;0;261;;;0;1;wib;0;7;994775;14;10;0
272;13;11;Kab. Sekadau;logo_kab_sekadau.png;61.09;6109;0;0;261;;;0;1;wib;0;7;987507;14;11;0
273;13;12;Kab. Melawi;logo_kab_melawi.png;61.10;6110;0;0;261;;;0;1;wib;0;7;987492;14;12;1
274;13;13;Kab. Kayong Utara;logo_kab_kayong_utara.png;61.11;6111;0;0;261;;;0;1;wib;0;7;963358;14;13;1
275;13;14;Kab. Kubu Raya;logo_kab_kubu_raya.png;61.12;6112;0;0;261;;;0;1;wib;0;7;975616;14;14;1
553;13;15;Kab. Mempawah;logo_kab_mempawah.png;61.02;6102;0;0;261;;;0;1;wib;0;7;991989;14;05;1
277;14;01;Kab. Barito Selatan;logo_kab_barito_selatan.png;62.04;6204;0;0;276;;;0;1;wib;0;7;992054;15;01;1
278;14;02;Kab. Barito Utara;logo_kab_barito_utara.png;62.05;6205;0;0;276;;;0;1;wib;0;7;992040;15;02;0
279;14;03;Kab. Kapuas;logo_kab_kapuas.png;62.03;6203;0;0;276;;;0;1;wib;0;7;992033;15;03;0
280;14;04;Kab. Kotawaringin Barat;logo_kab_kotawaringin_barat.png;62.01;6201;0;0;276;;;0;1;wib;0;7;992075;15;04;0
281;14;05;Kab. Kotawaringin Timur;logo_kab_kotawaringin_timur.png;62.02;6202;0;0;276;;;0;1;wib;0;7;992061;15;05;0
282;14;06;Kota Palangkaraya;logo_kota_palangkaraya.png;62.71;6271;0;0;276;;;0;1;wib;0;7;992082;15;06;1
283;14;07;Kab. Barito Timur;logo_kab_barito_timur.png;62.13;6213;0;0;276;;;0;1;wib;0;7;997540;15;14;0
284;14;08;Kab. Murung Raya;logo_kab_murung_raya.png;62.12;6212;0;0;276;;;0;1;wib;0;7;997536;15;13;0
285;14;09;Kab. Pulang Pisau;logo_kab_pulang_pisau.png;62.11;6211;0;0;276;;;0;1;wib;0;7;997522;15;12;0
286;14;10;Kab. Gunung Mas;logo_kab_gunung_mas.png;62.10;6210;0;0;276;;;0;1;wib;0;7;997515;15;11;0
287;14;11;Kab. Lamandau;logo_kab_lamandau.png;62.09;6209;0;0;276;;;0;1;wib;0;7;997501;15;10;0
288;14;12;Kab. Sukamara;logo_kab_sukamara.png;62.08;6208;0;0;276;;;0;1;wib;0;7;997493;15;09;0
289;14;13;Kab. Katingan;logo_kab_katingan.png;62.06;6206;0;0;276;;;0;1;wib;0;7;997472;15;07;0
290;14;14;Kab. Seruyan;logo_kab_seruyan.png;62.07;6207;0;0;276;;;0;1;wib;0;7;997489;15;08;0
292;15;01;Kab. Banjar;logo_kab_banjar.png;63.03;6303;0;0;291;;;0;1;wita;1;8;992171;16;01;0
293;15;02;Kab. Barito Kuala;logo_kab_barito_kuala.png;63.04;6304;0;0;291;;;0;1;wita;1;8;992228;16;02;0
294;15;03;Kab. Hulu Sungai Selatan;logo_kab_hulu_sungai_selatan.png;63.06;6306;0;0;291;;;0;1;wita;1;8;992207;16;03;0
295;15;04;Kab. Hulu Sungai Tengah;logo_kab_hulu_sungai_tengah.png;63.07;6307;0;0;291;;;0;1;wita;1;8;992211;16;04;0
296;15;05;Kab. Hulu Sungai Utara;logo_kab_hulu_sungai_utara.png;63.08;6308;0;0;291;;;0;1;wita;1;8;992253;16;05;0
297;15;06;Kab. Kotabaru;logo_kab_kota_baru.png;63.02;6302;0;0;291;;;0;1;wita;1;8;992249;16;06;0
298;15;07;Kab. Tabalong;logo_kab_tabalong.png;63.09;6309;0;0;291;;;0;1;wita;1;8;992232;16;07;0
299;15;08;Kab. Tanah Laut;logo_kab_tanah_laut.png;63.01;6301;0;0;291;;;0;1;wita;1;8;992185;16;08;0
300;15;09;Kab. Tapin;logo_kab_tapin.png;63.05;6305;0;0;291;;;0;1;wita;1;8;992192;16;09;1
301;15;10;Kota Banjarbaru;logo_kota_banjarbaru.png;63.72;6372;0;0;291;;;0;1;wita;1;8;980248;16;10;0
302;15;11;Kota Banjarmasin;logo_kota_banjarmasin.png;63.71;6371;0;0;291;;;0;1;wita;1;8;992260;16;11;0
303;15;12;Kab. Balangan;logo_kab_balangan.png;63.11;6311;0;0;291;;;0;1;wita;1;8;998236;16;12;0
304;15;13;Kab. Tanah Bumbu;logo_kab_tanah_bumbu.png;63.10;6310;0;0;291;;;0;1;wita;1;8;998222;16;13;0
308;16;01;Kab. Berau;logo_kab_berau.png;64.03;6403;0;0;307;;;0;1;wita;1;8;992139;17;01;0
309;16;03;Kab. Kutai Kartanegara;logo_kab_kutai_kartanegara.png;64.02;6402;0;0;307;;;0;1;wita;1;8;992101;17;03;0
310;16;04;Kab. Kutai Barat;logo_kab_kutai_barat.png;64.07;6407;0;0;307;;;0;1;wita;1;8;980273;17;04;0
311;16;05;Kab. Kutai Timur;logo_kab_kutai_timur.png;64.08;6408;0;0;307;;;0;1;wita;1;8;980280;17;05;0
312;16;08;Kab. Paser;logo_kab_paser.png;64.01;6401;0;0;307;;;0;1;wita;1;8;992118;17;08;0
313;16;09;Kota Balikpapan;logo_kota_balikpapan.png;64.71;6471;0;0;307;;;0;1;wita;1;8;992150;17;09;0
314;16;10;Kota Bontang;logo_kota_bontang.png;64.74;6474;0;0;307;;;0;1;wita;1;8;980294;17;10;0
315;16;11;Kota Samarinda;logo_kota_samarinda.png;64.72;6472;0;0;307;;;0;1;wita;1;8;992143;17;11;0
316;16;13;Kab. Penajam Paser Utara;logo_kab_penajam_paser_utara.png;64.09;6409;0;0;307;;;0;1;wita;1;8;997561;17;13;0
554;16;16;Kab. Mahakam Ulu;logo_mahakam_ulu_baru.png;64.11;6411;0;0;307;;;0;1;wita;1;8;999006;17;15;0
319;17;01;Kab. Bolaang Mongondow;logo_kab_bolaang_mongondow.png;71.01;7101;0;0;318;;;0;1;wita;1;8;993059;18;01;0
320;17;02;Kab. Minahasa;logo_kab_minahasa.png;71.02;7102;0;0;318;;;0;1;wita;1;8;993042;18;02;0
321;17;03;Kab. Kepulauan Sangihe;logo_kab_kepulauan_sangihe.png;71.03;7103;0;0;318;;;0;1;wita;1;8;993063;18;03;0
322;17;04;Kota Bitung;logo_kota_bitung.png;71.72;7172;0;0;318;;;0;1;wita;1;8;993091;18;04;0
323;17;05;Kota Manado;logo_kota_manado.png;71.71;7171;0;0;318;;;0;1;wita;1;8;993070;18;05;0
324;17;06;Kab. Kepulauan Talaud;logo_kab_kepulauan_talaud.png;71.04;7104;0;0;318;;;0;1;wita;1;8;997412;18;06;0
325;17;07;Kab. Minahasa Selatan;logo_kab_minahasa_selatan.png;71.05;7105;0;0;318;;;0;1;wita;1;8;998240;18;07;0
326;17;08;Kota Tomohon;logo_kota_tomohon.png;71.73;7173;0;0;318;;;0;1;wita;1;8;998257;18;08;0
327;17;09;Kab. Minahasa Utara;logo_kab_minahasa_utara.png;71.06;7106;0;0;318;;;0;1;wita;1;8;987485;18;09;1
328;17;10;Kota Kotamobagu;logo_kota_kotamobagu.png;71.74;7174;0;0;318;;;0;1;wita;1;8;963395;18;11;0
329;17;11;Kab. Bolaang Mongondow Utara;logo_kab_bolaang_mongondow_utara.png;71.08;7108;0;0;318;;;0;1;wita;1;8;963409;18;12;0
330;17;12;Kab. Kep. Siau Tagulandang Biaro;logo_kepulauan_siau_tagulandang_biaro.png;71.09;7109;0;0;318;;;0;1;wita;1;8;963389;18;10;0
331;17;13;Kab. Minahasa Tenggara;logo_kab_minahasa_tenggara.png;71.07;7107;0;0;318;;;0;1;wita;1;8;963415;18;13;0
332;17;14;Kab. Bolaang Mongondow Timur;logo_kab_bolaang_mongondow_timur.png;71.10;7110;0;0;318;;;0;1;wita;1;8;975022;18;14;0
333;17;15;Kab. Bolaang Mongondow Selatan;logo_kab_bolaang_mongondow_selatan.png;71.11;7111;0;0;318;;;0;1;wita;1;8;977860;18;15;0
335;18;01;Kab. Banggai;logo_kab_banggai.png;72.01;7201;0;0;334;;;0;1;wita;1;8;993000;19;01;0
336;18;02;Kab. Banggai Kepulauan;logo_kab_banggai_kepulauan.png;72.07;7207;0;0;334;;;0;1;wita;1;8;980337;19;02;1
337;18;03;Kab. Buol;logo_kab_buol.png;72.05;7205;0;0;334;;;0;1;wita;1;8;980316;19;03;0
338;18;04;Kab. Toli Toli;logo_kab_tolitoli.png;72.04;7204;0;0;334;;;0;1;wita;1;8;992998;19;04;0
339;18;05;Kab. Donggala;logo_kab_donggala.png;72.03;7203;0;0;334;;;0;1;wita;1;8;992981;19;05;0
340;18;06;Kab. Morowali;logo_kab_morowali.png;72.06;7206;0;0;334;;;0;1;wita;1;8;980320;19;06;0
341;18;07;Kab. Poso;logo_kab_poso.png;72.02;7202;0;0;334;;;0;1;wita;1;8;992977;19;07;0
342;18;08;Kota Palu;logo_kota_palu.png;72.71;7271;0;0;334;;;0;1;wita;1;8;993017;19;08;0
343;18;09;Kab. Parigi Moutong;logo_kab_parigi_moutong.png;72.08;7208;0;0;334;;;0;1;wita;1;8;997582;19;09;1
344;18;10;Kab. Tojo Una Una;logo_kab_tojo_una_una.png;72.09;7209;0;0;334;;;0;1;wita;1;8;987471;19;10;0
345;18;11;Kab. Sigi;logo_kab_sigi.png;72.10;7210;0;0;334;;;0;1;wita;1;8;975172;19;11;0
561;18;12;Kab. Banggai Laut;logo_kab_banggai_laut.png;72.11;7211;0;0;334;;;0;1;wita;1;8;999009;19;12;0
562;18;13;Kab. Morowali Utara;logo_kab_morowali_utara.png;72.12;7212;0;0;334;;;0;1;wita;1;8;999013;19;13;1
347;19;01;Kab. Bantaeng;logo_kab_bantaeng.png;73.03;7303;0;0;346;;;0;1;wita;1;8;992846;20;01;0
348;19;02;Kab. Barru;logo_kab_barru.png;73.11;7311;0;0;346;;;0;1;wita;1;8;992888;20;02;0
349;19;03;Kab. Bone;logo_kab_bone.png;73.08;7308;0;0;346;;;0;1;wita;1;8;992778;20;03;0
350;19;04;Kab. Bulukumba;logo_kab_bulukumba.png;73.02;7302;0;0;346;;;0;1;wita;1;8;992832;20;04;0
351;19;05;Kab. Enrekang;logo_kab_enrekang.png;73.16;7316;0;0;346;;;0;1;wita;1;8;992935;20;05;0
352;19;06;Kab. Gowa;logo_kab_gowa.png;73.06;7306;0;0;346;;;0;1;wita;1;8;992740;20;06;0
353;19;07;Kab. Jeneponto;logo_kab_jeneponto.png;73.04;7304;0;0;346;;;0;1;wita;1;8;992850;20;07;0
354;19;08;Kab. Luwu;logo_kab_luwu.png;73.17;7317;0;0;346;;;0;1;wita;1;8;992811;20;08;0
355;19;09;Kab. Luwu Utara;logo_kab_luwu_utara.png;73.22;7322;0;0;346;;;0;1;wita;1;8;980341;20;09;0
356;19;10;Kab. Maros;logo_kab_maros.png;73.09;7309;0;0;346;;;0;1;wita;1;8;992799;20;10;0
357;19;11;Kab. Pangkajene Kepulauan;logo_kab_pangkajene_kepulauan.png;73.10;7310;0;0;346;;;0;1;wita;1;8;992900;20;11;0
358;19;12;Kab. Pinrang;logo_kab_pinrang.png;73.15;7315;0;0;346;;;0;1;wita;1;8;992736;20;14;1
359;19;13;Kab. Kepulauan Selayar;logo_kab_selayar.png;73.01;7301;0;0;346;;;0;1;wita;1;8;992867;20;16;0
360;19;14;Kab. Sidenreng Rappang;logo_kab_sidenreng_rappang.png;73.14;7314;0;0;346;;;0;1;wita;1;8;992892;20;17;1
361;19;15;Kab. Sinjai;logo_kab_sinjai.png;73.07;7307;0;0;346;;;0;1;wita;1;8;992825;20;15;0
362;19;16;Kab. Soppeng;logo_kab_soppeng.png;73.12;7312;0;0;346;;;0;1;wita;1;8;992914;20;19;0
363;19;17;Kab. Takalar;logo_kab_takalar.png;73.05;7305;0;0;346;;;0;1;wita;1;8;992871;20;20;1
364;19;18;Kab. Tana Toraja;logo_kab_tana_toraja.png;73.18;7318;0;0;346;;;0;1;wita;1;8;992782;20;21;1
365;19;19;Kab. Wajo;logo_kab_wajo.png;73.13;7313;0;0;346;;;0;1;wita;1;8;992757;20;22;0
366;19;20;Kota Pare Pare;logo_kota_parepare.png;73.72;7372;0;0;346;;;0;1;wita;1;8;992956;20;23;0
367;19;21;Kota Makassar;logo_kota_makassar.png;73.71;7371;0;0;346;;;0;1;wita;1;8;992942;20;24;0
368;19;22;Kota Palopo;logo_kota_palopo.png;73.73;7373;0;0;346;;;0;1;wita;1;8;997604;20;12;1
369;19;23;Kab. Luwu Timur;logo_kab_luwu_timur.png;73.24;7324;0;0;346;;;0;1;wita;1;8;928282;20;13;0
370;19;24;Kab. Toraja Utara;logo_kab_toraja_utara.png;73.26;7326;0;0;346;;;0;1;wita;1;8;975327;20;25;0
372;20;01;Kab. Buton;logo_kab_buton.png;74.04;7404;0;0;371;;;0;1;wita;1;8;993127;21;01;0
373;20;02;Kab. Konawe;logo_kab_konawe.png;74.02;7402;0;0;371;;;0;1;wita;1;8;993110;21;02;0
374;20;03;Kab. Kolaka;logo_kab_kolaka.png;74.01;7401;0;0;371;;;0;1;wita;1;8;993148;21;03;0
375;20;04;Kab. Muna;logo_kab_muna.png;74.03;7403;0;0;371;;;0;1;wita;1;8;993131;21;04;1
376;20;05;Kota Kendari;logo_kota_kendari.png;74.71;7471;0;0;371;;;0;1;wita;1;8;993326;21;05;0
377;20;06;Kota Bau Bau;logo_kota_bau_bau.png;74.72;7472;0;0;371;;;0;1;wita;1;8;994782;21;06;0
378;20;07;Kab. Konawe Selatan;logo_kab_konawe_selatan.png;74.05;7405;0;0;371;;;0;1;wita;1;8;998304;21;07;0
379;20;08;Kab. Bombana;logo_kab_bombana.png;74.06;7406;0;0;371;;;0;1;wita;1;8;987642;21;08;0
380;20;09;Kab. Wakatobi;logo_kab_wakatobi.png;74.07;7407;0;0;371;;;0;1;wita;1;8;987638;21;09;0
381;20;10;Kab. Kolaka Utara;logo_kab_kolaka_utara.png;74.08;7408;0;0;371;;;0;1;wita;1;8;987443;21;10;0
382;20;11;Kab. Konawe Utara;logo_kab_konawe_utara.png;74.09;7409;0;0;371;;;0;1;wita;1;8;963364;21;11;0
383;20;12;Kab. Buton Utara;logo_kab_buton_utara.png;74.10;7410;0;0;371;;;0;1;wita;1;8;963370;21;12;0
563;20;13;Kab. Buton Selatan;logo_kab_buton_selatan.png;74.15;7415;0;0;371;;;0;1;wita;1;8;999017;21;17;0
564;20;14;Kab. Buton Tengah;logo_kab_buton_tengah.png;74.14;7414;0;0;371;;;0;1;wita;1;8;999016;21;16;0
565;20;15;Kab. Kolaka Timur;logo_kab_kolaka_timur.png;74.11;7411;0;0;371;;;0;1;wita;1;8;999012;21;14;1
566;20;16;Kab. Konawe Kepulauan;logo_kab_konawe_kepulauan.png;74.12;7412;0;0;371;;;0;1;wita;1;8;999014;21;13;0
567;20;17;Kab. Muna Barat;logo_kab_muna_barat.png;74.13;7413;0;0;371;;;0;1;wita;1;8;999915;21;15;0
385;21;01;Kab. Kepulauan Tanimbar;logo_kab_kep_tanimbar.png;81.03;8103;0;0;384;;;0;1;wit;2;9;980358;25;01;0
386;21;02;Kab. Maluku Tengah;logo_kab_maluku_tengah.png;81.01;8101;0;0;384;;;0;1;wit;2;9;993169;25;02;0
387;21;03;Kab. Maluku Tenggara;logo_kab_maluku_tenggara.png;81.02;8102;0;0;384;;;0;1;wit;2;9;993173;25;03;0
388;21;04;Kab. Buru;logo_kab_buru.png;81.04;8104;0;0;384;;;0;1;wit;2;9;980362;25;04;0
389;21;05;Kota Ambon;logo_kota_ambon.png;81.71;8171;0;0;384;;;0;1;wit;2;9;993202;25;05;0
390;21;06;Kab. Seram Bagian Barat;logo_kab_seram_bagian_barat.png;81.06;8106;0;0;384;;;0;1;wit;2;9;987439;25;06;1
391;21;07;Kab. Seram Bagian Timur;logo_kab_seram_bagian_timur.png;81.05;8105;0;0;384;;;0;1;wit;2;9;987422;25;07;0
392;21;08;Kab. Kepulauan Aru;logo_kab_kepulauan_aru.png;81.07;8107;0;0;384;;;0;1;wit;2;9;987621;25;08;1
393;21;09;Kota Tual;logo_kota_tual.png;81.72;8172;0;0;384;;;0;1;wit;2;9;976061;25;09;0
394;21;10;Kab. Maluku Barat Daya;logo_kab_maluku_barat_daya.png;81.08;8108;0;0;384;;;0;1;wit;2;9;975772;25;10;1
395;21;11;Kab. Buru Selatan;logo_kab_buru_selatan.png;81.09;8109;0;0;384;;;0;1;wit;2;9;975622;25;11;0
397;22;01;Kab. Badung;logo_kab_badung.png;51.03;5103;0;0;396;;;0;1;wita;1;8;992342;22;01;0
398;22;02;Kab. Bangli;logo_kab_bangli.png;51.06;5106;0;0;396;;;0;1;wita;1;8;992338;22;02;0
399;22;03;Kab. Buleleng;logo_kab_buleleng.png;51.08;5108;0;0;396;;;0;1;wita;1;8;992281;22;03;0
400;22;04;Kab. Gianyar;logo_kab_gianyar.png;51.04;5104;0;0;396;;;0;1;wita;1;8;992317;22;04;0
401;22;05;Kab. Jembrana;logo_kab_jembrana.png;51.01;5101;0;0;396;;;0;1;wita;1;8;992295;22;05;0
402;22;06;Kab. Karangasem;logo_kab_karangasem.png;51.07;5107;0;0;396;;;0;1;wita;1;8;992321;22;06;0
403;22;07;Kab. Klungkung;logo_kab_klungkung.png;51.05;5105;0;0;396;;;0;1;wita;1;8;992300;22;07;0
404;22;08;Kab. Tabanan;logo_kab_tabanan.png;51.02;5102;0;0;396;;;0;1;wita;1;8;992359;22;08;0
405;22;09;Kota Denpasar;logo_kota_denpasar.png;51.71;5171;0;0;396;;;0;1;wita;1;8;992363;22;09;0
408;23;01;Kab. Bima;logo_kab_bima.png;52.06;5206;0;0;407;;;0;1;wita;1;8;992410;23;01;0
409;23;02;Kab. Dompu;logo_kab_dompu.png;52.05;5205;0;0;407;;;0;1;wita;1;8;992431;23;02;1
410;23;03;Kab. Lombok Barat;logo_kab_lombok_barat.png;52.01;5201;0;0;407;;;0;1;wita;1;8;992384;23;03;0
411;23;04;Kab. Lombok Tengah;logo_kab_lombok_tengah.png;52.02;5202;0;0;407;;;0;1;wita;1;8;992391;23;04;1
412;23;05;Kab. Lombok Timur;logo_kab_lombok_timur.png;52.03;5203;0;0;407;;;0;1;wita;1;8;992406;23;05;0
413;23;06;Kab. Sumbawa;logo_kab_sumbawa.png;52.04;5204;0;0;407;;;0;1;wita;1;8;992427;23;06;1
414;23;07;Kota Mataram;logo_kota_mataram.png;52.71;5271;0;0;407;;;0;1;wita;1;8;992448;23;07;1
415;23;08;Kota Bima;logo_kota_bima.png;52.72;5272;0;0;407;;;0;1;wita;1;8;997625;23;08;0
416;23;09;Kab. Sumbawa Barat;logo_kab_sumbawa_barat.png;52.07;5207;0;0;407;;;0;1;wita;1;8;987450;23;09;0
417;23;10;Kab. Lombok Utara;logo_kab_lombok_utara.png;52.08;5208;0;0;407;;;0;1;wita;1;8;975477;23;10;0
419;24;01;Kab. Alor;logo_kab_alor.png;53.05;5305;0;0;418;;;0;1;wita;1;8;992502;24;01;0
420;24;02;Kab. Belu;logo_kab_belu.png;53.04;5304;0;0;418;;;0;1;wita;1;8;992473;24;02;1
421;24;03;Kab. Ende;logo_kab_ende.png;53.08;5308;0;0;418;;;0;1;wita;1;8;992537;24;03;0
422;24;04;Kab. Flores Timur;logo_kab_flores_timur.png;53.06;5306;0;0;418;;;0;1;wita;1;8;992520;24;04;1
423;24;05;Kab. Kupang;logo_kab_kupang.png;53.01;5301;0;0;418;;;0;1;wita;1;8;992469;24;05;0
424;24;06;Kab. Lembata;logo_kab_lembata.png;53.13;5313;0;0;418;;;0;1;wita;1;8;980379;24;06;0
425;24;07;Kab. Manggarai;logo_kab_manggarai.png;53.10;5310;0;0;418;;;0;1;wita;1;8;992558;24;07;0
426;24;08;Kab. Ngada;logo_kab_ngada.png;53.09;5309;0;0;418;;;0;1;wita;1;8;992541;24;08;0
427;24;09;Kab. Sikka;logo_kab_sikka.png;53.07;5307;0;0;418;;;0;1;wita;1;8;992516;24;09;0
428;24;10;Kab. Sumba Barat;logo_kab_sumba_barat.png;53.12;5312;0;0;418;;;0;1;wita;1;8;992579;24;10;0
429;24;11;Kab. Sumba Timur;logo_kab_sumba_timur.png;53.11;5311;0;0;418;;;0;1;wita;1;8;992562;24;11;0
430;24;12;Kab. Timor Tengah Selatan;logo_kab_timor_tengah_selatan.png;53.02;5302;0;0;418;;;0;1;wita;1;8;992494;24;12;0
431;24;13;Kab. Timor Tengah Utara;logo_kab_timor_tengah_utara.png;53.03;5303;0;0;418;;;0;1;wita;1;8;992480;24;13;0
432;24;14;Kota Kupang;logo_kota_kupang.png;53.71;5371;0;0;418;;;0;1;wita;1;8;993368;24;14;0
433;24;15;Kab. Rote Ndao;logo_kab_rote_ndao.png;53.14;5314;0;0;418;;;0;1;wita;1;8;997578;24;15;0
434;24;16;Kab. Manggarai Barat;logo_kab_manggarai_barat.png;53.15;5315;0;0;418;;;0;1;wita;1;8;998510;24;16;0
435;24;17;Kab. Nagekeo;logo_kab_nagekeo.png;53.16;5316;0;0;418;;;0;1;wita;1;8;963430;24;17;0
436;24;18;Kab. Sumba Barat Daya;logo_kab_sumba_barat_daya.png;53.18;5318;0;0;418;;;0;1;wita;1;8;963446;24;18;0
437;24;19;Kab. Sumba Tengah;logo_kab_sumba_tengah.png;53.17;5317;0;0;418;;;0;1;wita;1;8;963452;24;19;0
438;24;20;Kab. Manggarai Timur;logo_kab_manggarai_timur.png;53.19;5319;0;0;418;;;0;1;wita;1;8;975911;24;20;0
439;24;21;Kab. Sabu Raijua;logo_kab_sabu_raijua.png;53.20;5320;0;0;418;;;0;1;wita;1;8;978542;24;21;0
557;24;22;Kab. Malaka;logo_kab_malaka.png;53.21;5321;0;0;418;;;0;1;wita;1;8;999007;24;22;1
441;25;01;Kab. Biak Numfor;logo_kab_biak_numfor.png;91.06;9106;0;0;440;;;0;1;wit;2;9;993237;26;01;0
442;25;02;Kab. Jayapura;logo_kab_jayapura.png;91.03;9103;0;0;440;;;0;1;wit;2;9;993220;26;02;0
449;25;09;Kab. Kepulauan Yapen;logo_kab_kepulauan_yapen.png;91.05;9105;0;0;440;;;0;1;wit;2;9;993258;26;09;0
450;25;10;Kota Jayapura;logo_kota_jayapura.png;91.71;9171;0;0;440;;;0;1;wit;2;9;993312;26;10;0
451;25;11;Kab. Sarmi;logo_kab_sarmi.png;91.10;9110;0;0;440;;;0;1;wit;2;9;998392;26;11;0
452;25;12;Kab. Keerom;logo_kab_keerom.png;91.11;9111;0;0;440;;;0;1;wit;2;9;998400;26;12;0
459;25;19;Kab. Waropen;logo_kab_waropen.png;91.15;9115;0;0;440;;;0;1;wit;2;9;998460;26;19;0
460;25;20;Kab. Supiori;logo_kab_supiori.png;91.19;9119;0;0;440;;;0;1;wit;2;9;987511;26;20;0
461;25;21;Kab. Mamberamo Raya;logo_kab_mamberamo_raya.png;91.20;9120;0;0;440;;;0;1;wit;2;9;963461;26;21;0
472;26;01;Kab. Bengkulu Selatan;logo_kab_bengkulu_selatan.png;17.01;1701;0;0;471;;;0;1;wib;0;7;990739;07;01;0
473;26;02;Kab. Bengkulu Utara;logo_kab_bengkulu_utara.png;17.03;1703;0;0;471;;;0;1;wib;0;7;990722;07;02;0
474;26;03;Kab. Rejang Lebong;logo_kab_rejang_lebong.png;17.02;1702;0;0;471;;;0;1;wib;0;7;990743;07;03;0
475;26;04;Kota Bengkulu;logo_kota_bengkulu.png;17.71;1771;0;0;471;;;0;1;wib;0;7;990750;07;04;0
476;26;05;Kab. Kaur;logo_kab_kaur.png;17.04;1704;0;0;471;;;0;1;wib;0;7;998215;07;05;0
477;26;06;Kab. Seluma;logo_kab_seluma.png;17.05;1705;0;0;471;;;0;1;wib;0;7;998201;07;06;0
478;26;07;Kab. Muko Muko;logo_kab_mukomuko.png;17.06;1706;0;0;471;;;0;1;wib;0;7;998503;07;07;0
479;26;08;Kab. Lebong;logo_kab_lebong.png;17.07;1707;0;0;471;;;0;1;wib;0;7;987600;07;08;0
480;26;09;Kab. Kepahiang;logo_kab_kepahiang.png;17.08;1708;0;0;471;;;0;1;wib;0;7;987617;07;09;0
481;26;10;Kab. Bengkulu Tengah;logo_kab_bengkulu_tengah.png;17.09;1709;0;0;471;;;0;1;wib;0;7;977710;07;10;0
483;28;01;Kab. Halmahera Tengah;logo_kab_halmahera_tengah.png;82.02;8202;0;0;482;;;0;1;wit;2;9;993194;27;01;0
484;28;02;Kab. Halmahera Barat;logo_kab_halmahera_barat.png;82.01;8201;0;0;482;;;0;1;wit;2;9;993180;27;03;0
485;28;03;Kota Ternate;logo_kota_ternate.png;82.71;8271;0;0;482;;;0;1;wit;2;9;980028;27;02;0
486;28;04;Kab. Halmahera Timur;logo_kab_halmahera_timur.png;82.06;8206;0;0;482;;;0;1;wit;2;9;998346;27;04;0
487;28;05;Kota Tidore Kepulauan;logo_kota_tidore_kepulauan.png;82.72;8272;0;0;482;;;0;1;wit;2;9;998350;27;08;0
488;28;06;Kab. Kepulauan Sula;logo_kab_kepulauan_sula.png;82.05;8205;0;0;482;;;0;1;wit;2;9;998332;27;07;0
489;28;07;Kab. Halmahera Selatan;logo_kab_halmahera_selatan.png;82.04;8204;0;0;482;;;0;1;wit;2;9;998325;27;05;1
490;28;08;Kab. Halmahera Utara;logo_kab_halmahera_utara.png;82.03;8203;0;0;482;;;0;1;wit;2;9;998311;27;06;0
491;28;09;Kab. Pulau Morotai;logo_kab_pulau_morotai.png;82.07;8207;0;0;482;;;0;1;wit;2;9;978551;27;09;0
556;28;10;Kab. Pulau Taliabu;logo_kab_taliabu.png;82.08;8208;0;0;482;;;0;1;wit;2;9;999010;27;10;0
493;29;01;Kab. Lebak;logo_kab_lebak.png;36.02;3602;0;0;492;;;0;1;wib;0;7;990917;28;01;0
494;29;02;Kab. Pandeglang;logo_kab_pandeglang.png;36.01;3601;0;0;492;;;0;1;wib;0;7;990900;28;02;0
495;29;03;Kab. Serang;logo_kab_serang.png;36.04;3604;0;0;492;;;0;1;wib;0;7;990895;28;03;1
496;29;04;Kab. Tangerang;logo_kab_tangerang.png;36.03;3603;0;0;492;;;0;1;wib;0;7;990921;28;04;0
497;29;05;Kota Cilegon;logo_kota_cilegon.png;36.72;3672;0;0;492;;;0;1;wib;0;7;980049;28;05;1
498;29;06;Kota Tangerang;logo_kota_tangerang.png;36.71;3671;0;0;492;;;0;1;wib;0;7;991134;28;06;1
499;29;07;Kota Serang;logo_kota_serang.png;36.73;3673;0;0;492;;;0;1;wib;0;7;975461;28;07;1
500;29;08;Kota Tangerang Selatan;logo_kota_tangerang_selatan.png;36.74;3674;0;0;492;;;0;1;wib;0;7;978454;28;08;1
502;30;01;Kab. Bangka;logo_kab_bangka.png;19.01;1901;0;0;501;;;0;1;wib;0;7;990629;29;01;0
503;30;02;Kab. Belitung;logo_kab_belitung.png;19.02;1902;0;0;501;;;0;1;wib;0;7;990612;29;02;0
504;30;03;Kota Pangkal Pinang;;19.71;1971;0;0;501;;;0;1;wib;0;7;990701;29;03;0
505;30;04;Kab. Bangka Selatan;logo_kab_bangka_selatan.png;19.03;1903;0;0;501;;;0;1;wib;0;7;998189;29;04;0
506;30;05;Kab. Bangka Tengah;logo_kab_bangka_tengah.png;19.04;1904;0;0;501;;;0;1;wib;0;7;998172;29;05;0
507;30;06;Kab. Bangka Barat;logo_kab_bangka_barat.png;19.05;1905;0;0;501;;;0;1;wib;0;7;998168;29;06;0
508;30;07;Kab. Belitung Timur;logo_kab_belitung_timur.png;19.06;1906;0;0;501;;;0;1;wib;0;7;998193;29;07;0
511;31;01;Kab. Boalemo;logo_kab_boalemo.png;75.02;7502;0;0;510;;;0;1;wita;1;8;980302;30;01;0
512;31;02;Kab. Gorontalo;logo_kab_gorontalo.png;75.01;7501;0;0;510;;;0;1;wita;1;8;993038;30;02;0
513;31;03;Kota Gorontalo;logo_kota_gorontalo.png;75.71;7571;0;0;510;;;0;1;wita;1;8;993084;30;03;0
514;31;04;Kab. Pohuwato;logo_kab_pohuwato.png;75.04;7504;0;0;510;;;0;1;wita;1;8;998261;30;04;0
515;31;05;Kab. Bone Bolango;logo_kab_bone_bolango.png;75.03;7503;0;0;510;;;0;1;wita;1;8;998278;30;05;0
516;31;06;Kab. Gorontalo Utara;logo_kab_gorontalo_utara.png;75.05;7505;0;0;510;;;0;1;wita;1;8;963421;30;06;0
520;32;01;Kab. Bintan;logo_kab_bintan.png;21.01;2101;0;0;519;;;0;1;wib;0;7;990480;31;07;0
521;32;02;Kab. Natuna;logo_kab_natuna.png;21.03;2103;0;0;519;;;0;1;wib;0;7;980121;31;01;1
522;32;03;Kab. Karimun;logo_kab_karimun.png;21.02;2102;0;0;519;;;0;1;wib;0;7;980117;31;03;1
523;32;04;Kota Batam;logo_kota_batam.png;21.71;2171;0;0;519;;;0;1;wib;0;7;990523;31;04;0
524;32;05;Kota Tanjung Pinang;logo_kota_tanjungpinang.png;21.72;2172;0;0;519;;;0;1;wib;0;7;994708;31;05;1
525;32;06;Kab. Lingga;logo_kab_lingga.png;21.04;2104;0;0;519;;;0;1;wib;0;7;987464;31;06;0
527;32;08;Kab. Kepulauan Anambas;logo_kab_kepulauan_anambas.png;21.05;2105;0;0;519;;;0;1;wib;0;7;977412;31;02;0
530;33;02;Kab. Manokwari;logo_kab_manokwari.png;92.02;9202;0;0;528;;;0;1;wit;2;9;993241;32;02;0
531;33;03;Kab. Fak Fak;logo_kab_fakfak.png;92.03;9203;0;0;528;;;0;1;wit;2;9;993279;32;01;0
535;33;07;Kab. Teluk Bintuni;logo_kab_teluk_bintuni.png;92.06;9206;0;0;528;;;0;1;wit;2;9;998481;32;07;0
536;33;08;Kab. Teluk Wondama;logo_kab_teluk_wondama.png;92.07;9207;0;0;528;;;0;1;wit;2;9;998498;32;08;0
537;33;09;Kab. Kaimana;logo_kab_kaimana.png;92.08;9208;0;0;528;;;0;1;wit;2;9;998435;32;09;0
558;33;12;Kab. Manokwari Selatan;logo_kab_manokwari_selatan.png;92.11;9211;0;0;528;;;0;1;wit;2;9;999004;32;12;0
559;33;13;Kab. Pegunungan Arfak;logo_kab_pegunungan_arfak.png;92.12;9212;0;0;528;;;0;1;wit;2;9;999005;32;13;0
541;34;01;Kab. Majene;logo_kab_majene.png;76.05;7605;0;0;540;;;0;1;wita;1;8;992804;33;01;0
542;34;02;Kab. Mamuju;logo_kab_mamuju.png;76.02;7602;0;0;540;;;0;1;wita;1;8;992761;33;02;0
543;34;03;Kab. Polewali Mandar;logo_kab_polewali_mandar.png;76.04;7604;0;0;540;;;0;1;wita;1;8;992921;33;03;0
544;34;04;Kab. Mamasa;logo_kab_mamasa.png;76.03;7603;0;0;540;;;0;1;wita;1;8;997599;33;04;0
545;34;05;Kab. Pasangkayu;logo_kab_mamuju_utara.png;76.01;7601;0;0;540;;;0;1;wita;1;8;998299;33;05;0
560;34;06;Kab. Mamuju Tengah;logo_kab_mamuju_tengah.png;76.06;7606;0;0;540;;;0;1;wita;1;8;999008;33;06;1
547;35;01;Kab. Bulungan;logo_kab_bulungan.png;65.01;6501;0;0;546;;;0;1;wita;1;8;992122;34;01;0
548;35;02;Kab. Malinau;logo_kab_malinau.png;65.02;6502;0;0;546;;;0;1;wita;1;8;980269;34;02;1
549;35;03;Kab. Nunukan;logo_kab_nunukan.png;65.03;6503;0;0;546;;;0;1;wita;1;8;980252;34;03;0
550;35;04;Kab. Tana Tidung;logo_kab_tana_tidung.png;65.04;6504;0;0;546;;;0;1;wita;1;8;975766;34;05;0
551;35;05;Kota Tarakan;logo_kota_tarakan.png;65.71;6571;0;0;546;;;0;1;wita;1;8;941901;34;04;1
444;36;01;Kab. Merauke;logo_kab_merauke.png;93.01;9301;0;0;576;;;0;1;wit;2;9;993283;26;04;0
456;36;02;Kab. Boven Digoel;logo_kab_boven_digoel.png;93.02;9302;0;0;576;;;0;1;wit;2;9;998388;26;16;0
457;36;03;Kab. Mappi;logo_kab_mappi.png;93.03;9303;0;0;576;;;0;1;wit;2;9;998367;26;17;1
458;36;04;Kab. Asmat;logo_kab_asmat.png;93.04;9304;0;0;576;;;0;1;wit;2;9;998371;26;18;0
446;37;01;Kab. Nabire;logo_kab_nabire.png;94.01;9401;0;0;577;;;0;1;wit;2;9;993305;26;06;0
448;37;02;Kab. Puncak Jaya;logo_kab_puncak_jaya.png;94.02;9402;0;0;577;;;0;1;wit;2;9;993389;26;08;0
447;37;03;Kab. Paniai;logo_kab_paniai.png;94.03;9403;0;0;577;;;0;1;wit;2;9;993393;26;07;0
445;37;04;Kab. Mimika;logo_kab_mimika.png;94.04;9404;0;0;577;;;0;1;wit;2;9;993401;26;05;0
468;37;05;Kab. Puncak;logo_kab_puncak.png;94.05;9405;0;0;577;;;0;1;wit;2;9;976812;26;27;0
463;37;06;Kab. Dogiyai;logo_kab_dogiyai.png;94.06;9406;0;0;577;;;0;1;wit;2;9;976962;26;26;0
469;37;07;Kab. Intan Jaya;logo_kab_intan_jaya.png;94.07;9407;0;0;577;;;0;1;wit;2;9;978567;26;28;0
470;37;08;Kab. Deiyai;logo_kab_deiyai.png;94.08;9408;0;0;577;;;0;1;wit;2;9;978573;26;29;0
443;38;01;Kab. Jayawijaya;logo_kab_jayawijaya.png;95.01;9501;0;0;578;;;0;1;wit;2;9;993290;26;03;0
454;38;02;Kab. Pegunungan Bintang;logo_kab_pegunungan_bintang.png;95.02;9502;0;0;578;;;0;1;wit;2;9;998421;26;14;0
453;38;03;Kab. Yahukimo;logo_kab_yahukimo.png;95.03;9503;0;0;578;;;0;1;wit;2;9;998477;26;13;0
455;38;04;Kab. Tolikara;logo_kab_tolikara.png;95.04;9504;0;0;578;;;0;1;wit;2;9;998414;26;15;0
466;38;05;Kab. Mamberamo Tengah;logo_kab_mamberamo_tengah.png;95.05;9505;0;0;578;;;0;1;wit;2;9;976219;26;22;0
465;38;06;Kab. Yalimo;logo_kab_yalimo.png;95.06;9506;0;0;578;;;0;1;wit;2;9;976369;26;23;0
467;38;07;Kab. Lanny Jaya;logo_kab_lanny_jaya.png;95.07;9507;0;0;578;;;0;1;wit;2;9;976514;26;24;0
464;38;08;Kab. Nduga;logo_kab_nduga.png;95.08;9508;0;0;578;;;0;1;wit;2;9;976664;26;25;0
529;39;01;Kab. Sorong;logo_kab_sorong.png;96.01;9601;0;0;579;;;0;1;wit;2;9;993262;32;03;0
532;39;04;Kota Sorong;logo_kota_sorong.png;96.71;9671;0;0;579;;;0;1;wit;2;9;980383;32;04;0
533;39;05;Kab. Sorong Selatan;logo_kab_sorong_selatan.png;96.02;9602;0;0;579;;;0;1;wit;2;9;998442;32;06;0
534;39;06;Kab. Raja Ampat;logo_kab_kepulauan_raja_ampat.png;96.03;9603;0;0;579;;;0;1;wit;2;9;998456;32;05;0
538;39;10;Kab. Maybrat;logo_kab_maybrat.png;96.05;9605;0;0;579;;;0;1;wit;2;9;978582;32;10;0
539;39;11;Kab. Tambrauw;logo_kab_tambrauw.png;96.04;9604;0;0;579;;;0;1;wit;2;9;978598;32;11;0
